"","fips","stateFIPS","CountyFIPS","Abbreviation","year","medianHI","medianHI_MOE","povertyR"
"1",8001,8,1,"CO",1989,29351,2096,11.3
"2",8003,8,3,"CO",1989,20658,2272,25.4
"3",8005,8,5,"CO",1989,38768,2012,5.6
"4",8007,8,7,"CO",1989,19839,2386,18.8
"5",8009,8,9,"CO",1989,19605,2957,20.5
"6",8011,8,11,"CO",1989,20995,2261,20.9
"7",8013,8,13,"CO",1989,34200,2108,8.9
"8",8015,8,15,"CO",1989,21482,2276,13.5
"9",8017,8,17,"CO",1989,25969,3244,12.3
"10",8019,8,19,"CO",1989,29498,2388,9.4
"11",8021,8,21,"CO",1989,14560,2299,36.2
"12",8023,8,23,"CO",1989,11376,2421,39.7
"13",8025,8,25,"CO",1989,17246,2272,33
"14",8027,8,27,"CO",1989,20803,2284,17.1
"15",8029,8,29,"CO",1989,18217,2187,19.8
"16",8031,8,31,"CO",1989,24845,1923,18.8
"17",8033,8,33,"CO",1989,21290,2248,16.4
"18",8035,8,35,"CO",1989,51202,2509,2.5
"19",8037,8,37,"CO",1989,33000,2541,5.1
"20",8039,8,39,"CO",1989,34785,2291,6.6
"21",8041,8,41,"CO",1989,28225,2020,11.4
"22",8043,8,43,"CO",1989,20375,2262,18.4
"23",8045,8,45,"CO",1989,28277,2261,8.3
"24",8047,8,47,"CO",1989,33126,2350,8
"25",8049,8,49,"CO",1989,27424,2340,6.8
"26",8051,8,51,"CO",1989,23661,2360,15.1
"27",8053,8,53,"CO",1989,23826,2431,8.4
"28",8055,8,55,"CO",1989,15666,2296,28.4
"29",8057,8,57,"CO",1989,24168,2264,18.4
"30",8059,8,59,"CO",1989,37713,2065,5.2
"31",8061,8,61,"CO",1989,30465,3130,10.1
"32",8063,8,63,"CO",1989,27016,2558,14.3
"33",8065,8,65,"CO",1989,23208,2531,7.6
"34",8067,8,67,"CO",1989,24765,2267,13.5
"35",8069,8,69,"CO",1989,30245,2078,10.2
"36",8071,8,71,"CO",1989,17148,2313,27.5
"37",8073,8,73,"CO",1989,22360,2296,15.3
"38",8075,8,75,"CO",1989,24798,2246,13.3
"39",8077,8,77,"CO",1989,23726,2105,14.1
"40",8079,8,79,"CO",1989,19748,2406,13.4
"41",8081,8,81,"CO",1989,34116,2294,8.1
"42",8083,8,83,"CO",1989,21359,2262,18.9
"43",8085,8,85,"CO",1989,23496,2122,13.6
"44",8087,8,87,"CO",1989,24728,2271,16.6
"45",8089,8,89,"CO",1989,18751,2273,26.8
"46",8091,8,91,"CO",1989,25252,2265,8.6
"47",8093,8,93,"CO",1989,32912,2287,7
"48",8095,8,95,"CO",1989,25066,2329,10.9
"49",8097,8,97,"CO",1989,34160,2656,3.9
"50",8099,8,99,"CO",1989,22047,2271,21.3
"51",8101,8,101,"CO",1989,20906,2096,20.3
"52",8103,8,103,"CO",1989,27051,2604,6.9
"53",8105,8,105,"CO",1989,22032,2374,22.4
"54",8107,8,107,"CO",1989,29187,2448,7
"55",8109,8,109,"CO",1989,16021,2317,29.4
"56",8111,8,111,"CO",1989,29783,2281,8
"57",8113,8,113,"CO",1989,24928,2512,10.3
"58",8115,8,115,"CO",1989,23708,2323,12.5
"59",8117,8,117,"CO",1989,31917,2779,5.3
"60",8119,8,119,"CO",1989,31329,2268,9.8
"61",8121,8,121,"CO",1989,24478,2290,14.1
"62",8123,8,123,"CO",1989,25909,2243,16.8
"63",8125,8,125,"CO",1989,24240,2509,14
"64",8001,8,1,"CO",1993,33495,2111,12.9
"65",8003,8,3,"CO",1993,24997,2341,24
"66",8005,8,5,"CO",1993,43890,2080,6.7
"67",8007,8,7,"CO",1993,26173,2277,15.8
"68",8009,8,9,"CO",1993,23600,2320,17.1
"69",8011,8,11,"CO",1993,22550,2261,20
"70",8013,8,13,"CO",1993,41676,2140,8.3
"71",8015,8,15,"CO",1993,25272,2262,14.1
"72",8017,8,17,"CO",1993,31882,2321,9.9
"73",8019,8,19,"CO",1993,36746,2303,8
"74",8021,8,21,"CO",1993,17720,2308,29.2
"75",8023,8,23,"CO",1993,15240,2366,33.5
"76",8025,8,25,"CO",1993,19429,2310,30.9
"77",8027,8,27,"CO",1993,24167,2262,14.9
"78",8029,8,29,"CO",1993,21574,2201,17.4
"79",8031,8,31,"CO",1993,29440,1971,18
"80",8033,8,33,"CO",1993,22794,2270,13.4
"81",8035,8,35,"CO",1993,63560,2674,2.8
"82",8037,8,37,"CO",1993,40128,2634,5.9
"83",8039,8,39,"CO",1993,44650,2512,6.1
"84",8041,8,41,"CO",1993,34192,2063,12.1
"85",8043,8,43,"CO",1993,24384,2279,17.4
"86",8045,8,45,"CO",1993,33426,2244,10.4
"87",8047,8,47,"CO",1993,39949,2556,7.5
"88",8049,8,49,"CO",1993,32371,2320,6.6
"89",8051,8,51,"CO",1993,27282,2388,12.2
"90",8053,8,53,"CO",1993,25140,2338,11.6
"91",8055,8,55,"CO",1993,17825,2318,24.9
"92",8057,8,57,"CO",1993,27317,2409,9
"93",8059,8,59,"CO",1993,45383,2032,6.2
"94",8061,8,61,"CO",1993,29017,2377,11.5
"95",8063,8,63,"CO",1993,29317,2403,12.8
"96",8065,8,65,"CO",1993,27986,2317,9.3
"97",8067,8,67,"CO",1993,30020,2285,12.4
"98",8069,8,69,"CO",1993,35293,2112,10.8
"99",8071,8,71,"CO",1993,19449,2298,24.8
"100",8073,8,73,"CO",1993,26468,2327,16.2
"101",8075,8,75,"CO",1993,27367,2261,14.8
"102",8077,8,77,"CO",1993,28152,2119,14.2
"103",8079,8,79,"CO",1993,24183,2270,15.7
"104",8081,8,81,"CO",1993,36912,2260,11.7
"105",8083,8,83,"CO",1993,26239,2266,17.1
"106",8085,8,85,"CO",1993,26809,2161,12.7
"107",8087,8,87,"CO",1993,28544,2237,15.5
"108",8089,8,89,"CO",1993,21388,2273,24.4
"109",8091,8,91,"CO",1993,30553,2317,8.3
"110",8093,8,93,"CO",1993,39097,2471,7.3
"111",8095,8,95,"CO",1993,28539,2424,11
"112",8097,8,97,"CO",1993,41923,3522,3
"113",8099,8,99,"CO",1993,24934,2262,21.3
"114",8101,8,101,"CO",1993,24241,2134,20.7
"115",8103,8,103,"CO",1993,36136,2304,9.4
"116",8105,8,105,"CO",1993,24169,2511,23
"117",8107,8,107,"CO",1993,35488,2424,6.5
"118",8109,8,109,"CO",1993,19756,3062,30.5
"119",8111,8,111,"CO",1993,24800,2469,15.3
"120",8113,8,113,"CO",1993,31414,2753,8.5
"121",8115,8,115,"CO",1993,25111,2295,12
"122",8117,8,117,"CO",1993,37667,2727,3.7
"123",8119,8,119,"CO",1993,37553,2293,9.3
"124",8121,8,121,"CO",1993,27186,2365,13
"125",8123,8,123,"CO",1993,30146,2217,15.3
"126",8125,8,125,"CO",1993,29028,2740,12
"127",8001,8,1,"CO",1995,37493,2784,10.5
"128",8003,8,3,"CO",1995,26231,3069,22.3
"129",8005,8,5,"CO",1995,46765,2699,5.9
"130",8007,8,7,"CO",1995,29999,3127,12.8
"131",8009,8,9,"CO",1995,23469,3128,17.1
"132",8011,8,11,"CO",1995,24124,3089,22.3
"133",8013,8,13,"CO",1995,46199,2793,8
"134",8015,8,15,"CO",1995,29412,3098,12.5
"135",8017,8,17,"CO",1995,33098,3096,9.5
"136",8019,8,19,"CO",1995,49898,3393,5.4
"137",8021,8,21,"CO",1995,20321,3187,29.2
"138",8023,8,23,"CO",1995,18521,3222,32.1
"139",8025,8,25,"CO",1995,20403,3143,31
"140",8027,8,27,"CO",1995,29617,3225,13.3
"141",8029,8,29,"CO",1995,26148,3188,16.6
"142",8031,8,31,"CO",1995,31944,2465,17
"143",8033,8,33,"CO",1995,24761,3103,12
"144",8035,8,35,"CO",1995,80923,5628,1.9
"145",8037,8,37,"CO",1995,47002,3469,5
"146",8039,8,39,"CO",1995,54320,3477,5.3
"147",8041,8,41,"CO",1995,39180,2617,9.9
"148",8043,8,43,"CO",1995,28377,3152,15.8
"149",8045,8,45,"CO",1995,38304,3084,8.6
"150",8047,8,47,"CO",1995,44954,3176,5.2
"151",8049,8,49,"CO",1995,36119,3156,6.7
"152",8051,8,51,"CO",1995,30246,3253,12.2
"153",8053,8,53,"CO",1995,31428,3283,10.1
"154",8055,8,55,"CO",1995,20769,3164,23.4
"155",8057,8,57,"CO",1995,27647,3132,10.7
"156",8059,8,59,"CO",1995,49364,2520,5.3
"157",8061,8,61,"CO",1995,31196,3175,10
"158",8063,8,63,"CO",1995,30474,3132,12.8
"159",8065,8,65,"CO",1995,31924,3114,8.5
"160",8067,8,67,"CO",1995,35165,3163,11.3
"161",8069,8,69,"CO",1995,41313,2814,9.1
"162",8071,8,71,"CO",1995,22506,3126,23.6
"163",8073,8,73,"CO",1995,29498,3120,16.1
"164",8075,8,75,"CO",1995,30321,3086,13.4
"165",8077,8,77,"CO",1995,31590,2850,12.5
"166",8079,8,79,"CO",1995,28268,3190,6.6
"167",8081,8,81,"CO",1995,40331,3067,10.7
"168",8083,8,83,"CO",1995,30214,3118,16.5
"169",8085,8,85,"CO",1995,30962,3113,12.1
"170",8087,8,87,"CO",1995,29878,2852,14.8
"171",8089,8,89,"CO",1995,24144,3108,23.5
"172",8091,8,91,"CO",1995,35829,3115,7.8
"173",8093,8,93,"CO",1995,45405,3188,6.1
"174",8095,8,95,"CO",1995,29185,3098,11.8
"175",8097,8,97,"CO",1995,45254,3669,3.8
"176",8099,8,99,"CO",1995,26485,3078,21.3
"177",8101,8,101,"CO",1995,27589,2862,18.3
"178",8103,8,103,"CO",1995,38072,3087,9.5
"179",8105,8,105,"CO",1995,23646,3155,23.8
"180",8107,8,107,"CO",1995,38825,3265,6.7
"181",8109,8,109,"CO",1995,21364,3092,28.9
"182",8111,8,111,"CO",1995,25213,3507,16.3
"183",8113,8,113,"CO",1995,41348,3691,7.3
"184",8115,8,115,"CO",1995,26759,3097,12.9
"185",8117,8,117,"CO",1995,42700,3528,3.8
"186",8119,8,119,"CO",1995,43902,3157,8.2
"187",8121,8,121,"CO",1995,26978,3131,13.3
"188",8123,8,123,"CO",1995,32376,2823,13.3
"189",8125,8,125,"CO",1995,27538,3325,12.2
"190",8001,8,1,"CO",1997,40802,2817,10.4
"191",8003,8,3,"CO",1997,28204,3079,23
"192",8005,8,5,"CO",1997,50748,2838,6.4
"193",8007,8,7,"CO",1997,30518,3107,13.7
"194",8009,8,9,"CO",1997,26731,3101,19.1
"195",8011,8,11,"CO",1997,26427,3090,24.5
"196",8013,8,13,"CO",1997,50245,2934,7.8
"197",8015,8,15,"CO",1997,30881,3088,13.1
"198",8017,8,17,"CO",1997,34746,3083,10.8
"199",8019,8,19,"CO",1997,56537,3536,5.2
"200",8021,8,21,"CO",1997,20708,3298,28.6
"201",8023,8,23,"CO",1997,18700,3169,33.5
"202",8025,8,25,"CO",1997,23524,3114,32.2
"203",8027,8,27,"CO",1997,29797,3227,14.5
"204",8029,8,29,"CO",1997,27418,3122,16.2
"205",8031,8,31,"CO",1997,35616,2610,16.4
"206",8033,8,33,"CO",1997,25826,3244,14
"207",8035,8,35,"CO",1997,77513,3667,1.9
"208",8037,8,37,"CO",1997,50000,3569,4.3
"209",8039,8,39,"CO",1997,52636,3314,5.6
"210",8041,8,41,"CO",1997,42023,2700,9.5
"211",8043,8,43,"CO",1997,29939,3145,17.2
"212",8045,8,45,"CO",1997,40923,3086,8.9
"213",8047,8,47,"CO",1997,51044,3321,5.2
"214",8049,8,49,"CO",1997,38865,3171,6.6
"215",8051,8,51,"CO",1997,32300,3315,11.8
"216",8053,8,53,"CO",1997,32993,3223,10.8
"217",8055,8,55,"CO",1997,21389,3330,23.4
"218",8057,8,57,"CO",1997,29031,3118,13.3
"219",8059,8,59,"CO",1997,54175,2639,5.4
"220",8061,8,61,"CO",1997,32455,3352,14
"221",8063,8,63,"CO",1997,32964,3185,12.9
"222",8065,8,65,"CO",1997,34986,3193,9.5
"223",8067,8,67,"CO",1997,36822,3175,11.5
"224",8069,8,69,"CO",1997,43853,2894,8.5
"225",8071,8,71,"CO",1997,22682,3129,23.8
"226",8073,8,73,"CO",1997,29117,3401,17.4
"227",8075,8,75,"CO",1997,33076,3109,13.4
"228",8077,8,77,"CO",1997,33519,2930,13
"229",8079,8,79,"CO",1997,29810,3118,12.9
"230",8081,8,81,"CO",1997,42476,3074,11.4
"231",8083,8,83,"CO",1997,30882,3080,17.8
"232",8085,8,85,"CO",1997,32312,3076,13.2
"233",8087,8,87,"CO",1997,31197,2891,14.4
"234",8089,8,89,"CO",1997,25143,3113,22.8
"235",8091,8,91,"CO",1997,38465,3098,7.2
"236",8093,8,93,"CO",1997,46090,3300,6.8
"237",8095,8,95,"CO",1997,32863,3142,10.5
"238",8097,8,97,"CO",1997,52744,4155,5.2
"239",8099,8,99,"CO",1997,28881,3113,20.4
"240",8101,8,101,"CO",1997,29112,2898,18.1
"241",8103,8,103,"CO",1997,40921,3085,10.3
"242",8105,8,105,"CO",1997,25808,3204,23.4
"243",8107,8,107,"CO",1997,42799,3362,6.8
"244",8109,8,109,"CO",1997,22419,3762,26.1
"245",8111,8,111,"CO",1997,27635,3604,19.8
"246",8113,8,113,"CO",1997,42160,3722,8.5
"247",8115,8,115,"CO",1997,28209,3118,14.2
"248",8117,8,117,"CO",1997,45857,3653,4.5
"249",8119,8,119,"CO",1997,45552,3136,8.4
"250",8121,8,121,"CO",1997,29870,3169,12.2
"251",8123,8,123,"CO",1997,35351,2886,12.5
"252",8125,8,125,"CO",1997,31639,3467,12
"253",8001,8,1,"CO",1998,44327,2803,10
"254",8003,8,3,"CO",1998,29121,3050,22.8
"255",8005,8,5,"CO",1998,52576,2831,6.1
"256",8007,8,7,"CO",1998,32609,3138,12.7
"257",8009,8,9,"CO",1998,29021,3270,19.3
"258",8011,8,11,"CO",1998,26502,3196,23.8
"259",8013,8,13,"CO",1998,54503,2916,7.7
"260",8015,8,15,"CO",1998,32962,3044,13
"261",8017,8,17,"CO",1998,37101,3089,11.6
"262",8019,8,19,"CO",1998,61703,3534,7
"263",8021,8,21,"CO",1998,21752,3221,28.3
"264",8023,8,23,"CO",1998,19815,3181,31.8
"265",8025,8,25,"CO",1998,25455,3261,29.7
"266",8027,8,27,"CO",1998,31809,3273,13.9
"267",8029,8,29,"CO",1998,29161,3066,16
"268",8031,8,31,"CO",1998,38943,2683,15.6
"269",8033,8,33,"CO",1998,29088,3373,14
"270",8035,8,35,"CO",1998,84645,3948,1.8
"271",8037,8,37,"CO",1998,51578,3610,5.2
"272",8039,8,39,"CO",1998,57910,3354,5.6
"273",8041,8,41,"CO",1998,43755,2707,9.7
"274",8043,8,43,"CO",1998,32201,3127,16.2
"275",8045,8,45,"CO",1998,43560,3061,8.2
"276",8047,8,47,"CO",1998,53136,3243,6.4
"277",8049,8,49,"CO",1998,40670,3164,7.4
"278",8051,8,51,"CO",1998,34097,3345,12.1
"279",8053,8,53,"CO",1998,36167,3199,11.2
"280",8055,8,55,"CO",1998,24269,3425,22.1
"281",8057,8,57,"CO",1998,30052,3168,14.4
"282",8059,8,59,"CO",1998,55869,2652,5.5
"283",8061,8,61,"CO",1998,32921,3962,14.4
"284",8063,8,63,"CO",1998,35344,3151,12.9
"285",8065,8,65,"CO",1998,36779,3176,9.7
"286",8067,8,67,"CO",1998,38458,3165,11.6
"287",8069,8,69,"CO",1998,45863,2871,8.3
"288",8071,8,71,"CO",1998,24375,3103,22.9
"289",8073,8,73,"CO",1998,30380,3319,17.4
"290",8075,8,75,"CO",1998,33845,3102,14.7
"291",8077,8,77,"CO",1998,35405,2899,13
"292",8079,8,79,"CO",1998,32453,3085,11.1
"293",8081,8,81,"CO",1998,43611,3064,11.5
"294",8083,8,83,"CO",1998,32319,3068,17.6
"295",8085,8,85,"CO",1998,33659,3032,13.2
"296",8087,8,87,"CO",1998,32971,2875,14.5
"297",8089,8,89,"CO",1998,26244,3088,21.9
"298",8091,8,91,"CO",1998,40866,3114,8
"299",8093,8,93,"CO",1998,49712,3364,6.7
"300",8095,8,95,"CO",1998,33433,3162,11.7
"301",8097,8,97,"CO",1998,53570,4538,4.2
"302",8099,8,99,"CO",1998,30336,3231,20.1
"303",8101,8,101,"CO",1998,30781,2893,17.3
"304",8103,8,103,"CO",1998,41399,3080,10.6
"305",8105,8,105,"CO",1998,26428,3144,26.4
"306",8107,8,107,"CO",1998,45405,3349,6.7
"307",8109,8,109,"CO",1998,23069,3659,23.4
"308",8111,8,111,"CO",1998,26077,3817,20.9
"309",8113,8,113,"CO",1998,43090,3722,8.8
"310",8115,8,115,"CO",1998,29024,3150,14.6
"311",8117,8,117,"CO",1998,47456,3662,5.4
"312",8119,8,119,"CO",1998,48476,3131,8
"313",8121,8,121,"CO",1998,31397,3110,13.2
"314",8123,8,123,"CO",1998,37659,2881,11.4
"315",8125,8,125,"CO",1998,32285,3546,13.2
"316",8001,8,1,"CO",1999,45595,2809,8.9
"317",8003,8,3,"CO",1999,29220,1898,19.6
"318",8005,8,5,"CO",1999,53107,3369,6
"319",8007,8,7,"CO",1999,35949,2503,12.7
"320",8009,8,9,"CO",1999,28592,1906,16
"321",8011,8,11,"CO",1999,27258,1806,19.8
"322",8013,8,13,"CO",1999,56091,3581,7.6
"323",8015,8,15,"CO",1999,34159,2252,11.1
"324",8017,8,17,"CO",1999,37003,2394,11.2
"325",8019,8,19,"CO",1999,52386,3526,6.2
"326",8021,8,21,"CO",1999,24058,1639,22.8
"327",8023,8,23,"CO",1999,20116,1401,26.8
"328",8025,8,25,"CO",1999,25968,2047,25.7
"329",8027,8,27,"CO",1999,34768,2377,12.7
"330",8029,8,29,"CO",1999,31422,2123,13.6
"331",8031,8,31,"CO",1999,39093,2320,13.5
"332",8033,8,33,"CO",1999,31046,2029,12.9
"333",8035,8,35,"CO",1999,87335,6962,1.9
"334",8037,8,37,"CO",1999,58146,4614,5.4
"335",8039,8,39,"CO",1999,63241,4685,5.1
"336",8041,8,41,"CO",1999,45638,2741,8.7
"337",8043,8,43,"CO",1999,33077,2290,13.8
"338",8045,8,45,"CO",1999,46048,3016,7.7
"339",8047,8,47,"CO",1999,51030,3589,5.3
"340",8049,8,49,"CO",1999,44831,2999,6.9
"341",8051,8,51,"CO",1999,35648,2489,10.4
"342",8053,8,53,"CO",1999,34884,2405,10
"343",8055,8,55,"CO",1999,24915,1737,20.1
"344",8057,8,57,"CO",1999,31223,2133,14.6
"345",8059,8,59,"CO",1999,57044,3408,5
"346",8061,8,61,"CO",1999,31840,2215,12.5
"347",8063,8,63,"CO",1999,33972,2250,11.9
"348",8065,8,65,"CO",1999,36515,2455,10
"349",8067,8,67,"CO",1999,39313,2617,10.4
"350",8069,8,69,"CO",1999,47709,2983,7.3
"351",8071,8,71,"CO",1999,27140,1813,17.9
"352",8073,8,73,"CO",1999,31337,2074,13
"353",8075,8,75,"CO",1999,33389,2185,12.5
"354",8077,8,77,"CO",1999,35676,2273,11.3
"355",8079,8,79,"CO",1999,34243,2243,10.9
"356",8081,8,81,"CO",1999,41654,2700,10
"357",8083,8,83,"CO",1999,31898,2088,15.5
"358",8085,8,85,"CO",1999,34644,2254,12.3
"359",8087,8,87,"CO",1999,33945,2124,12.5
"360",8089,8,89,"CO",1999,28276,1872,18.8
"361",8091,8,91,"CO",1999,41911,2749,7.5
"362",8093,8,93,"CO",1999,51831,3630,6.1
"363",8095,8,95,"CO",1999,33144,2202,9.6
"364",8097,8,97,"CO",1999,58082,4739,3.8
"365",8099,8,99,"CO",1999,29668,1943,17.4
"366",8101,8,101,"CO",1999,31789,2037,14.8
"367",8103,8,103,"CO",1999,38904,2574,9.9
"368",8105,8,105,"CO",1999,30353,2363,20
"369",8107,8,107,"CO",1999,50439,3655,6.2
"370",8109,8,109,"CO",1999,24119,1973,22.2
"371",8111,8,111,"CO",1999,29207,2327,17.2
"372",8113,8,113,"CO",1999,46133,3611,8.3
"373",8115,8,115,"CO",1999,28887,1914,11.7
"374",8117,8,117,"CO",1999,52259,4264,5.6
"375",8119,8,119,"CO",1999,49848,3359,6.6
"376",8121,8,121,"CO",1999,32279,2131,10.9
"377",8123,8,123,"CO",1999,39983,2494,10.2
"378",8125,8,125,"CO",1999,32980,2251,12.1
"379",8001,8,1,"CO",2000,48307,3303,8.9
"380",8003,8,3,"CO",2000,30538,2287,20.3
"381",8005,8,5,"CO",2000,55359,3728,5.8
"382",8007,8,7,"CO",2000,38241,2946,13.2
"383",8009,8,9,"CO",2000,29274,2207,17.5
"384",8011,8,11,"CO",2000,28252,2148,23.1
"385",8013,8,13,"CO",2000,58601,4037,7.8
"386",8015,8,15,"CO",2000,35706,2691,11.5
"387",8017,8,17,"CO",2000,37620,2837,12.6
"388",8019,8,19,"CO",2000,54838,4194,6
"389",8021,8,21,"CO",2000,25296,1937,23.9
"390",8023,8,23,"CO",2000,21135,1675,28.5
"391",8025,8,25,"CO",2000,26953,2285,34.1
"392",8027,8,27,"CO",2000,36205,2724,13.6
"393",8029,8,29,"CO",2000,33356,2499,14.2
"394",8031,8,31,"CO",2000,41657,2653,13.1
"395",8033,8,33,"CO",2000,32126,2437,15.2
"396",8035,8,35,"CO",2000,91210,7147,1.7
"397",8037,8,37,"CO",2000,61760,5083,6
"398",8039,8,39,"CO",2000,66082,5276,5.1
"399",8041,8,41,"CO",2000,48991,3143,8.7
"400",8043,8,43,"CO",2000,34504,2654,15.2
"401",8045,8,45,"CO",2000,48713,3675,7.8
"402",8047,8,47,"CO",2000,53910,4162,5.5
"403",8049,8,49,"CO",2000,47958,3660,7.3
"404",8051,8,51,"CO",2000,37898,2941,11.4
"405",8053,8,53,"CO",2000,37815,2922,10.6
"406",8055,8,55,"CO",2000,26176,2017,21.9
"407",8057,8,57,"CO",2000,33178,2536,14.5
"408",8059,8,59,"CO",2000,60357,3814,5.1
"409",8061,8,61,"CO",2000,32811,2563,12.8
"410",8063,8,63,"CO",2000,35066,2633,13.2
"411",8065,8,65,"CO",2000,38487,2947,11
"412",8067,8,67,"CO",2000,41490,3114,10.7
"413",8069,8,69,"CO",2000,49758,3448,7.5
"414",8071,8,71,"CO",2000,28730,2201,18.4
"415",8073,8,73,"CO",2000,33205,2542,15.3
"416",8075,8,75,"CO",2000,34724,2615,12.8
"417",8077,8,77,"CO",2000,37138,2631,11
"418",8079,8,79,"CO",2000,36124,2693,12.4
"419",8081,8,81,"CO",2000,43186,3255,9.9
"420",8083,8,83,"CO",2000,33305,2488,16.2
"421",8085,8,85,"CO",2000,36303,2705,12.6
"422",8087,8,87,"CO",2000,35648,2503,12.9
"423",8089,8,89,"CO",2000,29939,2257,19.1
"424",8091,8,91,"CO",2000,43707,3264,8
"425",8093,8,93,"CO",2000,54396,4258,6.2
"426",8095,8,95,"CO",2000,34253,2580,11.6
"427",8097,8,97,"CO",2000,62190,5300,4.4
"428",8099,8,99,"CO",2000,30905,2316,18.5
"429",8101,8,101,"CO",2000,33673,2377,14.6
"430",8103,8,103,"CO",2000,40409,3047,10.1
"431",8105,8,105,"CO",2000,32646,2808,18.5
"432",8107,8,107,"CO",2000,53966,4309,6.2
"433",8109,8,109,"CO",2000,24912,2214,21.7
"434",8111,8,111,"CO",2000,30564,2551,17.6
"435",8113,8,113,"CO",2000,49270,4028,8.3
"436",8115,8,115,"CO",2000,29763,2250,12.9
"437",8117,8,117,"CO",2000,57200,4775,6.1
"438",8119,8,119,"CO",2000,52304,3919,6.2
"439",8121,8,121,"CO",2000,33193,2649,11.9
"440",8123,8,123,"CO",2000,42555,2980,10
"441",8125,8,125,"CO",2000,34613,2608,13.2
"442",8001,8,1,"CO",2001,46996,2950,8.8
"443",8003,8,3,"CO",2001,29987,2067,18.6
"444",8005,8,5,"CO",2001,55878,3532,6
"445",8007,8,7,"CO",2001,37327,2602,12.6
"446",8009,8,9,"CO",2001,28087,2175,17.5
"447",8011,8,11,"CO",2001,27470,1940,22.6
"448",8013,8,13,"CO",2001,57079,3666,7.6
"449",8014,8,14,"CO",2001,65302,4511,4.2
"450",8015,8,15,"CO",2001,34930,2378,11.4
"451",8017,8,17,"CO",2001,37017,2533,11.8
"452",8019,8,19,"CO",2001,55116,3926,6.2
"453",8021,8,21,"CO",2001,24770,1727,21.3
"454",8023,8,23,"CO",2001,20403,1477,25.8
"455",8025,8,25,"CO",2001,25497,2140,35.9
"456",8027,8,27,"CO",2001,35953,2599,11.6
"457",8029,8,29,"CO",2001,32258,2206,14.2
"458",8031,8,31,"CO",2001,40709,2433,12.7
"459",8033,8,33,"CO",2001,31685,2228,13.9
"460",8035,8,35,"CO",2001,93316,6817,2.1
"461",8037,8,37,"CO",2001,62370,4898,6.6
"462",8039,8,39,"CO",2001,66230,4815,5.1
"463",8041,8,41,"CO",2001,48583,2880,8.3
"464",8043,8,43,"CO",2001,33517,2374,15.5
"465",8045,8,45,"CO",2001,48431,3337,8
"466",8047,8,47,"CO",2001,54319,3943,6.1
"467",8049,8,49,"CO",2001,47956,3424,7.3
"468",8051,8,51,"CO",2001,37809,2800,12.2
"469",8053,8,53,"CO",2001,37088,2661,11.5
"470",8055,8,55,"CO",2001,25130,1773,21.7
"471",8057,8,57,"CO",2001,32074,2459,13.4
"472",8059,8,59,"CO",2001,60297,3597,5.2
"473",8061,8,61,"CO",2001,32346,2816,12
"474",8063,8,63,"CO",2001,34257,2598,13.4
"475",8065,8,65,"CO",2001,37286,2689,10.6
"476",8067,8,67,"CO",2001,41194,2857,10.3
"477",8069,8,69,"CO",2001,49168,3200,7.4
"478",8071,8,71,"CO",2001,27960,1933,16.8
"479",8073,8,73,"CO",2001,31848,2345,15.9
"480",8075,8,75,"CO",2001,34297,2384,12.4
"481",8077,8,77,"CO",2001,36315,2366,10.7
"482",8079,8,79,"CO",2001,35306,2420,10.4
"483",8081,8,81,"CO",2001,42901,2923,9.4
"484",8083,8,83,"CO",2001,32717,2242,15.3
"485",8085,8,85,"CO",2001,35896,2520,12.5
"486",8087,8,87,"CO",2001,35009,2289,12.4
"487",8089,8,89,"CO",2001,28869,2002,17.6
"488",8091,8,91,"CO",2001,43332,3020,8.6
"489",8093,8,93,"CO",2001,53925,3848,6.7
"490",8095,8,95,"CO",2001,34065,2369,10.5
"491",8097,8,97,"CO",2001,62605,5165,5.2
"492",8099,8,99,"CO",2001,29985,2112,18
"493",8101,8,101,"CO",2001,32663,2130,13.7
"494",8103,8,103,"CO",2001,39785,2773,10.1
"495",8105,8,105,"CO",2001,32344,2586,17.3
"496",8107,8,107,"CO",2001,54270,4102,6.5
"497",8109,8,109,"CO",2001,23809,2075,30.3
"498",8111,8,111,"CO",2001,30770,2332,15.8
"499",8113,8,113,"CO",2001,49527,3951,8.6
"500",8115,8,115,"CO",2001,28868,2244,11.9
"501",8117,8,117,"CO",2001,56707,4521,6.5
"502",8119,8,119,"CO",2001,52510,3608,6.6
"503",8121,8,121,"CO",2001,32923,2550,11.5
"504",8123,8,123,"CO",2001,42849,2757,9.5
"505",8125,8,125,"CO",2001,34542,2393,12.4
"506",8001,8,1,"CO",2002,46876,2941,9.7
"507",8003,8,3,"CO",2002,30427,2101,19.1
"508",8005,8,5,"CO",2002,55188,3462,7
"509",8007,8,7,"CO",2002,37345,2627,13.3
"510",8009,8,9,"CO",2002,25364,2142,18.5
"511",8011,8,11,"CO",2002,26485,1930,21.7
"512",8013,8,13,"CO",2002,55810,3602,8.2
"513",8014,8,14,"CO",2002,65155,4511,4.7
"514",8015,8,15,"CO",2002,35366,2419,12.1
"515",8017,8,17,"CO",2002,32739,3076,12.7
"516",8019,8,19,"CO",2002,55079,3909,6.4
"517",8021,8,21,"CO",2002,24959,1740,21.5
"518",8023,8,23,"CO",2002,20731,1499,25.5
"519",8025,8,25,"CO",2002,23963,2008,40.3
"520",8027,8,27,"CO",2002,35938,2574,12.2
"521",8029,8,29,"CO",2002,32894,2265,14.7
"522",8031,8,31,"CO",2002,40082,2379,14.5
"523",8033,8,33,"CO",2002,30108,2188,14.2
"524",8035,8,35,"CO",2002,93927,6599,2.3
"525",8037,8,37,"CO",2002,59682,4604,6.4
"526",8039,8,39,"CO",2002,66648,4784,5.6
"527",8041,8,41,"CO",2002,48626,2879,9.2
"528",8043,8,43,"CO",2002,33548,2400,16.2
"529",8045,8,45,"CO",2002,48257,3336,8.4
"530",8047,8,47,"CO",2002,53766,3931,6
"531",8049,8,49,"CO",2002,47871,3431,7.5
"532",8051,8,51,"CO",2002,36989,2753,13.1
"533",8053,8,53,"CO",2002,36706,2579,12.7
"534",8055,8,55,"CO",2002,25249,1800,22.8
"535",8057,8,57,"CO",2002,31369,2321,13.6
"536",8059,8,59,"CO",2002,59903,3585,6.1
"537",8061,8,61,"CO",2002,28698,3044,11.5
"538",8063,8,63,"CO",2002,31728,2538,14.5
"539",8065,8,65,"CO",2002,35947,2602,13
"540",8067,8,67,"CO",2002,41591,2905,10.8
"541",8069,8,69,"CO",2002,49638,3228,8.4
"542",8071,8,71,"CO",2002,29044,2038,16.8
"543",8073,8,73,"CO",2002,30160,2260,16.6
"544",8075,8,75,"CO",2002,34242,2396,13.3
"545",8077,8,77,"CO",2002,37053,2428,11.5
"546",8079,8,79,"CO",2002,34694,2406,10.5
"547",8081,8,81,"CO",2002,43718,2997,9.6
"548",8083,8,83,"CO",2002,32443,2229,16
"549",8085,8,85,"CO",2002,36741,2565,12.8
"550",8087,8,87,"CO",2002,34542,2256,12.6
"551",8089,8,89,"CO",2002,28528,2001,18.6
"552",8091,8,91,"CO",2002,43747,3093,8.4
"553",8093,8,93,"CO",2002,53045,3785,7.8
"554",8095,8,95,"CO",2002,33225,2354,11.2
"555",8097,8,97,"CO",2002,60821,5035,5.2
"556",8099,8,99,"CO",2002,29058,2066,18.5
"557",8101,8,101,"CO",2002,33269,2181,14.8
"558",8103,8,103,"CO",2002,41133,2878,10.2
"559",8105,8,105,"CO",2002,32858,2612,17.8
"560",8107,8,107,"CO",2002,53299,4074,6.6
"561",8109,8,109,"CO",2002,23098,1966,32.8
"562",8111,8,111,"CO",2002,30733,2298,17.4
"563",8113,8,113,"CO",2002,47274,3755,9.2
"564",8115,8,115,"CO",2002,27884,2075,13
"565",8117,8,117,"CO",2002,53362,4233,6.7
"566",8119,8,119,"CO",2002,52383,3596,7.4
"567",8121,8,121,"CO",2002,30079,2501,12.1
"568",8123,8,123,"CO",2002,43476,2788,10.3
"569",8125,8,125,"CO",2002,33722,2426,12.9
"570",8001,8,1,"CO",2003,48633,2864,10.4
"571",8003,8,3,"CO",2003,30994,1955,18.5
"572",8005,8,5,"CO",2003,55907,3239,7.9
"573",8007,8,7,"CO",2003,38677,2473,11.1
"574",8009,8,9,"CO",2003,26434,1893,15.8
"575",8011,8,11,"CO",2003,27369,1822,19.3
"576",8013,8,13,"CO",2003,57112,3367,9.5
"577",8014,8,14,"CO",2003,64005,4060,5.1
"578",8015,8,15,"CO",2003,35719,2232,11.5
"579",8017,8,17,"CO",2003,35873,2473,11.1
"580",8019,8,19,"CO",2003,57211,3820,6.8
"581",8021,8,21,"CO",2003,26749,1709,19.6
"582",8023,8,23,"CO",2003,21731,1444,21.7
"583",8025,8,25,"CO",2003,23469,1827,25.6
"584",8027,8,27,"CO",2003,37830,2464,11.2
"585",8029,8,29,"CO",2003,33625,2111,13.2
"586",8031,8,31,"CO",2003,41036,2258,15.1
"587",8033,8,33,"CO",2003,31923,2062,12.1
"588",8035,8,35,"CO",2003,93013,5916,2.2
"589",8037,8,37,"CO",2003,58347,4092,6.4
"590",8039,8,39,"CO",2003,66647,4340,5.6
"591",8041,8,41,"CO",2003,49292,2682,10.4
"592",8043,8,43,"CO",2003,33837,2222,14
"593",8045,8,45,"CO",2003,48153,3046,8.5
"594",8047,8,47,"CO",2003,53044,3594,5.8
"595",8049,8,49,"CO",2003,48348,3162,7.6
"596",8051,8,51,"CO",2003,37782,2576,11.7
"597",8053,8,53,"CO",2003,35958,2320,9.2
"598",8055,8,55,"CO",2003,25751,1694,19.2
"599",8057,8,57,"CO",2003,32071,2132,12.9
"600",8059,8,59,"CO",2003,58851,3246,6.8
"601",8061,8,61,"CO",2003,30850,2454,10.4
"602",8063,8,63,"CO",2003,32891,2231,13.2
"603",8065,8,65,"CO",2003,35040,2338,11.6
"604",8067,8,67,"CO",2003,42846,2728,10.6
"605",8069,8,69,"CO",2003,50275,2980,9.3
"606",8071,8,71,"CO",2003,30092,1922,15.5
"607",8073,8,73,"CO",2003,31205,2063,15
"608",8075,8,75,"CO",2003,34329,2225,12.8
"609",8077,8,77,"CO",2003,38129,2277,11.1
"610",8079,8,79,"CO",2003,37018,2328,9.4
"611",8081,8,81,"CO",2003,45071,2836,9.5
"612",8083,8,83,"CO",2003,33212,2089,15
"613",8085,8,85,"CO",2003,38454,2451,12.3
"614",8087,8,87,"CO",2003,34892,2086,12.7
"615",8089,8,89,"CO",2003,29317,1888,17.9
"616",8091,8,91,"CO",2003,45521,2938,7.6
"617",8093,8,93,"CO",2003,52265,3413,7.3
"618",8095,8,95,"CO",2003,33697,2195,10.8
"619",8097,8,97,"CO",2003,59624,4431,5.2
"620",8099,8,99,"CO",2003,29411,1930,17.5
"621",8101,8,101,"CO",2003,35130,2107,15.2
"622",8103,8,103,"CO",2003,41730,2702,9.3
"623",8105,8,105,"CO",2003,33935,2445,16.5
"624",8107,8,107,"CO",2003,53252,3644,6.3
"625",8109,8,109,"CO",2003,23764,1867,20.8
"626",8111,8,111,"CO",2003,32640,2229,13.6
"627",8113,8,113,"CO",2003,45521,3330,8.8
"628",8115,8,115,"CO",2003,27773,1994,11
"629",8117,8,117,"CO",2003,51610,3754,6.5
"630",8119,8,119,"CO",2003,51532,3269,7.6
"631",8121,8,121,"CO",2003,31036,2144,10.8
"632",8123,8,123,"CO",2003,44756,2635,10.3
"633",8125,8,125,"CO",2003,34494,2232,12
"634",8001,8,1,"CO",2004,50229,2910,10.8
"635",8003,8,3,"CO",2004,31587,2003,19.2
"636",8005,8,5,"CO",2004,55615,3202,8.2
"637",8007,8,7,"CO",2004,40592,2607,10.6
"638",8009,8,9,"CO",2004,26580,1889,15.6
"639",8011,8,11,"CO",2004,27569,1841,20.4
"640",8013,8,13,"CO",2004,57908,3413,9.8
"641",8014,8,14,"CO",2004,65375,4172,5.2
"642",8015,8,15,"CO",2004,37226,2333,11.6
"643",8017,8,17,"CO",2004,36563,2483,11.6
"644",8019,8,19,"CO",2004,58677,3936,6.7
"645",8021,8,21,"CO",2004,27077,1729,19.1
"646",8023,8,23,"CO",2004,22165,1473,22.4
"647",8025,8,25,"CO",2004,24435,1902,27.8
"648",8027,8,27,"CO",2004,40332,2633,10.7
"649",8029,8,29,"CO",2004,35280,2219,12.5
"650",8031,8,31,"CO",2004,41767,2318,15.2
"651",8033,8,33,"CO",2004,32357,2077,11.4
"652",8035,8,35,"CO",2004,94658,5939,3.7
"653",8037,8,37,"CO",2004,59037,4114,6
"654",8039,8,39,"CO",2004,69631,4522,5.4
"655",8041,8,41,"CO",2004,50312,2750,10.3
"656",8043,8,43,"CO",2004,35129,2319,14.2
"657",8045,8,45,"CO",2004,50119,3174,8.2
"658",8047,8,47,"CO",2004,54194,3596,5.6
"659",8049,8,49,"CO",2004,49907,3243,7.2
"660",8051,8,51,"CO",2004,38979,2649,11.4
"661",8053,8,53,"CO",2004,38891,2462,7.8
"662",8055,8,55,"CO",2004,26649,1746,19.7
"663",8057,8,57,"CO",2004,33476,2174,12
"664",8059,8,59,"CO",2004,59060,3298,7.1
"665",8061,8,61,"CO",2004,28851,2431,11.1
"666",8063,8,63,"CO",2004,33610,2277,12.7
"667",8065,8,65,"CO",2004,36033,2397,11.5
"668",8067,8,67,"CO",2004,44078,2816,10.3
"669",8069,8,69,"CO",2004,50911,2984,9.8
"670",8071,8,71,"CO",2004,31798,2048,15.6
"671",8073,8,73,"CO",2004,31574,2103,15.7
"672",8075,8,75,"CO",2004,34691,2267,13
"673",8077,8,77,"CO",2004,40045,2390,10.8
"674",8079,8,79,"CO",2004,39725,2549,9
"675",8081,8,81,"CO",2004,46102,2899,9.5
"676",8083,8,83,"CO",2004,34416,2170,14.5
"677",8085,8,85,"CO",2004,40234,2579,11.8
"678",8087,8,87,"CO",2004,36507,2174,12.6
"679",8089,8,89,"CO",2004,30298,1956,17.8
"680",8091,8,91,"CO",2004,47424,3099,7.2
"681",8093,8,93,"CO",2004,52684,3477,7.5
"682",8095,8,95,"CO",2004,34316,2277,10.5
"683",8097,8,97,"CO",2004,60662,4436,4.6
"684",8099,8,99,"CO",2004,29647,1978,17.4
"685",8101,8,101,"CO",2004,35693,2126,16.3
"686",8103,8,103,"CO",2004,43501,2807,9.1
"687",8105,8,105,"CO",2004,34680,2473,16.3
"688",8107,8,107,"CO",2004,54539,3678,6
"689",8109,8,109,"CO",2004,23638,1822,22.7
"690",8111,8,111,"CO",2004,32057,2203,13.5
"691",8113,8,113,"CO",2004,46891,3369,7.9
"692",8115,8,115,"CO",2004,27824,1958,11.3
"693",8117,8,117,"CO",2004,52220,3717,5.9
"694",8119,8,119,"CO",2004,53787,3398,7.2
"695",8121,8,121,"CO",2004,32344,2289,10.3
"696",8123,8,123,"CO",2004,46241,2726,9.9
"697",8125,8,125,"CO",2004,35687,2312,12
"698",8001,8,1,"CO",2005,50798,1552,11.5
"699",8003,8,3,"CO",2005,32642,2966,22.2
"700",8005,8,5,"CO",2005,55159,1422,9
"701",8007,8,7,"CO",2005,41860,3951,11.6
"702",8009,8,9,"CO",2005,28804,2388,18.5
"703",8011,8,11,"CO",2005,30166,2755,22.9
"704",8013,8,13,"CO",2005,58334,2422,11.2
"705",8014,8,14,"CO",2005,67067,4543,4.9
"706",8015,8,15,"CO",2005,40120,3278,12.8
"707",8017,8,17,"CO",2005,39252,3618,13
"708",8019,8,19,"CO",2005,61937,5443,6.9
"709",8021,8,21,"CO",2005,28010,2559,23.1
"710",8023,8,23,"CO",2005,21920,2045,27.8
"711",8025,8,25,"CO",2005,27107,2573,31.3
"712",8027,8,27,"CO",2005,40946,3760,12.8
"713",8029,8,29,"CO",2005,35358,2893,14
"714",8031,8,31,"CO",2005,42576,1414,15.6
"715",8033,8,33,"CO",2005,35384,1937,13.5
"716",8035,8,35,"CO",2005,90143,4590,2.9
"717",8037,8,37,"CO",2005,63848,5565,6.6
"718",8039,8,39,"CO",2005,69074,4553,5.2
"719",8041,8,41,"CO",2005,50878,2160,10.7
"720",8043,8,43,"CO",2005,36403,2680,15.2
"721",8045,8,45,"CO",2005,52189,4170,7.9
"722",8047,8,47,"CO",2005,56911,5099,5.5
"723",8049,8,49,"CO",2005,51043,4646,8
"724",8051,8,51,"CO",2005,40436,3745,13.6
"725",8053,8,53,"CO",2005,42012,2737,8.7
"726",8055,8,55,"CO",2005,28334,2497,22.8
"727",8057,8,57,"CO",2005,34281,3198,13.8
"728",8059,8,59,"CO",2005,60996,1187,7.2
"729",8061,8,61,"CO",2005,31289,2950,12.9
"730",8063,8,63,"CO",2005,35157,3187,14.9
"731",8065,8,65,"CO",2005,38960,3704,14.8
"732",8067,8,67,"CO",2005,46881,3527,11.1
"733",8069,8,69,"CO",2005,49188,1531,11.5
"734",8071,8,71,"CO",2005,32246,2800,17.4
"735",8073,8,73,"CO",2005,34960,2689,18
"736",8075,8,75,"CO",2005,36134,3233,14
"737",8077,8,77,"CO",2005,39750,1724,12.5
"738",8079,8,79,"CO",2005,40134,3746,10.1
"739",8081,8,81,"CO",2005,46983,4341,10.3
"740",8083,8,83,"CO",2005,35329,2681,17.2
"741",8085,8,85,"CO",2005,38911,3240,13.1
"742",8087,8,87,"CO",2005,35805,3044,13.1
"743",8089,8,89,"CO",2005,32866,2666,20.4
"744",8091,8,91,"CO",2005,48855,4445,7.6
"745",8093,8,93,"CO",2005,55589,5054,7.5
"746",8095,8,95,"CO",2005,34664,3221,11.2
"747",8097,8,97,"CO",2005,57615,3973,4.9
"748",8099,8,99,"CO",2005,31042,2725,22.5
"749",8101,8,101,"CO",2005,37129,1716,18.2
"750",8103,8,103,"CO",2005,44709,3615,9.6
"751",8105,8,105,"CO",2005,34215,3069,17.5
"752",8107,8,107,"CO",2005,58482,5144,6.2
"753",8109,8,109,"CO",2005,26081,2384,29.1
"754",8111,8,111,"CO",2005,33462,3164,16.7
"755",8113,8,113,"CO",2005,50324,4630,9.4
"756",8115,8,115,"CO",2005,29871,2455,12.7
"757",8117,8,117,"CO",2005,56275,4992,6.3
"758",8119,8,119,"CO",2005,56557,4944,6.8
"759",8121,8,121,"CO",2005,39779,1644,12.1
"760",8123,8,123,"CO",2005,48338,2606,11.6
"761",8125,8,125,"CO",2005,37089,3013,13.5
"762",8001,8,1,"CO",2006,50930,1683,12.5
"763",8003,8,3,"CO",2006,33726,2969,22.8
"764",8005,8,5,"CO",2006,55804,1857,10.3
"765",8007,8,7,"CO",2006,46904,3895,10.5
"766",8009,8,9,"CO",2006,29443,2674,17.8
"767",8011,8,11,"CO",2006,30475,2746,24.3
"768",8013,8,13,"CO",2006,62322,2578,11.1
"769",8014,8,14,"CO",2006,71714,5247,5.8
"770",8015,8,15,"CO",2006,39263,3121,13.1
"771",8017,8,17,"CO",2006,37794,3144,13.4
"772",8019,8,19,"CO",2006,61744,5772,7.3
"773",8021,8,21,"CO",2006,28591,2548,24
"774",8023,8,23,"CO",2006,23000,2119,29.5
"775",8025,8,25,"CO",2006,28375,2681,35.6
"776",8027,8,27,"CO",2006,41811,3695,13
"777",8029,8,29,"CO",2006,37343,2993,13.7
"778",8031,8,31,"CO",2006,41357,1218,19.7
"779",8033,8,33,"CO",2006,35877,3300,13.9
"780",8035,8,35,"CO",2006,93273,2911,2.5
"781",8037,8,37,"CO",2006,65923,4635,7.3
"782",8039,8,39,"CO",2006,75374,5707,5.3
"783",8041,8,41,"CO",2006,53234,1484,9.3
"784",8043,8,43,"CO",2006,37831,2600,16.9
"785",8045,8,45,"CO",2006,59503,3418,7.6
"786",8047,8,47,"CO",2006,60235,5336,5.6
"787",8049,8,49,"CO",2006,54619,4683,7.8
"788",8051,8,51,"CO",2006,41434,3413,13.7
"789",8053,8,53,"CO",2006,42406,3978,9.1
"790",8055,8,55,"CO",2006,28778,2666,25.5
"791",8057,8,57,"CO",2006,36073,3277,16.1
"792",8059,8,59,"CO",2006,60784,1583,7
"793",8061,8,61,"CO",2006,33032,3003,13.2
"794",8063,8,63,"CO",2006,38751,3252,13.7
"795",8065,8,65,"CO",2006,40443,3764,13.9
"796",8067,8,67,"CO",2006,50561,2942,11.5
"797",8069,8,69,"CO",2006,54241,2647,12.1
"798",8071,8,71,"CO",2006,35008,2498,16.4
"799",8073,8,73,"CO",2006,35524,3243,17.9
"800",8075,8,75,"CO",2006,37885,3406,12.7
"801",8077,8,77,"CO",2006,42791,2832,12.4
"802",8079,8,79,"CO",2006,42228,3924,10
"803",8081,8,81,"CO",2006,50285,3782,10.1
"804",8083,8,83,"CO",2006,37389,2880,18
"805",8085,8,85,"CO",2006,42016,3114,12.5
"806",8087,8,87,"CO",2006,40266,2729,13.8
"807",8089,8,89,"CO",2006,33310,2896,19.4
"808",8091,8,91,"CO",2006,51747,4333,8
"809",8093,8,93,"CO",2006,60208,4856,7.6
"810",8095,8,95,"CO",2006,36380,3281,11.2
"811",8097,8,97,"CO",2006,67950,6011,5.6
"812",8099,8,99,"CO",2006,32003,2821,20.4
"813",8101,8,101,"CO",2006,36999,1560,17
"814",8103,8,103,"CO",2006,47150,4228,9.8
"815",8105,8,105,"CO",2006,35842,3153,16.6
"816",8107,8,107,"CO",2006,61128,5062,6.5
"817",8109,8,109,"CO",2006,28213,2607,26.4
"818",8111,8,111,"CO",2006,34987,3195,16.9
"819",8113,8,113,"CO",2006,54850,5093,9.4
"820",8115,8,115,"CO",2006,30763,2742,12.8
"821",8117,8,117,"CO",2006,60332,5053,7.1
"822",8119,8,119,"CO",2006,57686,4961,8.1
"823",8121,8,121,"CO",2006,34115,2815,13
"824",8123,8,123,"CO",2006,52037,2028,14.3
"825",8125,8,125,"CO",2006,38067,3107,13.5
"826",8001,8,1,"CO",2007,52544,1957,12.8
"827",8003,8,3,"CO",2007,35988,3362,21.9
"828",8005,8,5,"CO",2007,59299,1834,11.1
"829",8007,8,7,"CO",2007,53200,4582,10.4
"830",8009,8,9,"CO",2007,30397,3083,19.8
"831",8011,8,11,"CO",2007,32043,3195,28.2
"832",8013,8,13,"CO",2007,64299,2934,12.1
"833",8014,8,14,"CO",2007,70168,3971,5.6
"834",8015,8,15,"CO",2007,42464,4136,12.3
"835",8017,8,17,"CO",2007,44053,4372,12.4
"836",8019,8,19,"CO",2007,65137,5659,7.4
"837",8021,8,21,"CO",2007,30453,2969,22.1
"838",8023,8,23,"CO",2007,25164,2522,25.3
"839",8025,8,25,"CO",2007,30896,3143,43.8
"840",8027,8,27,"CO",2007,44193,4352,11.7
"841",8029,8,29,"CO",2007,39082,2487,12.1
"842",8031,8,31,"CO",2007,44881,1467,17.4
"843",8033,8,33,"CO",2007,36797,3512,12.8
"844",8035,8,35,"CO",2007,94042,2686,2.4
"845",8037,8,37,"CO",2007,73440,6241,6.8
"846",8039,8,39,"CO",2007,77037,6338,4.9
"847",8041,8,41,"CO",2007,55253,1566,10
"848",8043,8,43,"CO",2007,34630,2845,18.7
"849",8045,8,45,"CO",2007,64173,4760,7.8
"850",8047,8,47,"CO",2007,62746,6211,6.2
"851",8049,8,49,"CO",2007,59118,5307,7.3
"852",8051,8,51,"CO",2007,49333,4418,10.7
"853",8053,8,53,"CO",2007,47010,4736,8.5
"854",8055,8,55,"CO",2007,29783,2834,22
"855",8057,8,57,"CO",2007,39007,3845,14.2
"856",8059,8,59,"CO",2007,64548,1266,8.1
"857",8061,8,61,"CO",2007,34084,3525,14.7
"858",8063,8,63,"CO",2007,37288,3678,14.5
"859",8065,8,65,"CO",2007,41492,3929,12.7
"860",8067,8,67,"CO",2007,53720,4774,11.3
"861",8069,8,69,"CO",2007,52968,2100,12.2
"862",8071,8,71,"CO",2007,36607,3268,17.2
"863",8073,8,73,"CO",2007,36252,3632,17.5
"864",8075,8,75,"CO",2007,40874,4109,13.7
"865",8077,8,77,"CO",2007,49926,2377,12
"866",8079,8,79,"CO",2007,44031,4264,9.3
"867",8081,8,81,"CO",2007,54323,5347,10.6
"868",8083,8,83,"CO",2007,41425,3490,14
"869",8085,8,85,"CO",2007,45254,3619,12.6
"870",8087,8,87,"CO",2007,43540,3411,12.3
"871",8089,8,89,"CO",2007,31996,2374,24.9
"872",8091,8,91,"CO",2007,55074,5448,7.4
"873",8093,8,93,"CO",2007,61987,5964,7.4
"874",8095,8,95,"CO",2007,39430,3410,11.5
"875",8097,8,97,"CO",2007,72727,7314,4.6
"876",8099,8,99,"CO",2007,34581,3343,19.8
"877",8101,8,101,"CO",2007,40570,2528,17.8
"878",8103,8,103,"CO",2007,58841,4298,8.2
"879",8105,8,105,"CO",2007,37350,3719,18.1
"880",8107,8,107,"CO",2007,63797,5225,6.2
"881",8109,8,109,"CO",2007,30193,2968,30.6
"882",8111,8,111,"CO",2007,38257,3908,14.3
"883",8113,8,113,"CO",2007,59973,6070,8.6
"884",8115,8,115,"CO",2007,32086,3200,12.2
"885",8117,8,117,"CO",2007,68685,5747,7
"886",8119,8,119,"CO",2007,59075,4615,7.4
"887",8121,8,121,"CO",2007,38149,3524,13.4
"888",8123,8,123,"CO",2007,52228,2239,11.6
"889",8125,8,125,"CO",2007,41570,2559,12.1
"890",8001,8,1,"CO",2008,56601,1832,12
"891",8003,8,3,"CO",2008,34681,3057,21.4
"892",8005,8,5,"CO",2008,59320,2400,9.8
"893",8007,8,7,"CO",2008,51058,4744,11.3
"894",8009,8,9,"CO",2008,31963,3174,17.7
"895",8011,8,11,"CO",2008,33187,3248,29.4
"896",8013,8,13,"CO",2008,66760,2047,10.3
"897",8014,8,14,"CO",2008,77855,6072,5
"898",8015,8,15,"CO",2008,45916,4155,11.9
"899",8017,8,17,"CO",2008,46017,4620,12
"900",8019,8,19,"CO",2008,57227,4389,7.4
"901",8021,8,21,"CO",2008,30747,3033,21.2
"902",8023,8,23,"CO",2008,25208,2571,24.8
"903",8025,8,25,"CO",2008,31603,3157,46.2
"904",8027,8,27,"CO",2008,50660,4881,11.8
"905",8029,8,29,"CO",2008,43621,3373,12.1
"906",8031,8,31,"CO",2008,46305,1491,18
"907",8033,8,33,"CO",2008,43760,4260,11.8
"908",8035,8,35,"CO",2008,100493,3735,3.1
"909",8037,8,37,"CO",2008,73482,6978,6.8
"910",8039,8,39,"CO",2008,75990,6129,5.5
"911",8041,8,41,"CO",2008,59061,1699,10.6
"912",8043,8,43,"CO",2008,39155,2263,14.7
"913",8045,8,45,"CO",2008,67063,5856,7.4
"914",8047,8,47,"CO",2008,62332,5749,6.2
"915",8049,8,49,"CO",2008,58895,5903,6.9
"916",8051,8,51,"CO",2008,46972,3668,12
"917",8053,8,53,"CO",2008,50692,5255,7.3
"918",8055,8,55,"CO",2008,31410,3118,23.8
"919",8057,8,57,"CO",2008,40413,4153,15.6
"920",8059,8,59,"CO",2008,66627,2343,7.6
"921",8061,8,61,"CO",2008,38581,3913,12.2
"922",8063,8,63,"CO",2008,39997,3916,14.5
"923",8065,8,65,"CO",2008,48280,4161,12.7
"924",8067,8,67,"CO",2008,56427,3772,10.9
"925",8069,8,69,"CO",2008,56701,1816,11.6
"926",8071,8,71,"CO",2008,38876,3532,16.8
"927",8073,8,73,"CO",2008,40384,4003,16.8
"928",8075,8,75,"CO",2008,42163,3901,13.4
"929",8077,8,77,"CO",2008,54337,2600,10.6
"930",8079,8,79,"CO",2008,46394,4724,10.4
"931",8081,8,81,"CO",2008,56427,5181,9.5
"932",8083,8,83,"CO",2008,44860,4133,16.3
"933",8085,8,85,"CO",2008,45817,2159,11.9
"934",8087,8,87,"CO",2008,43246,3579,12.7
"935",8089,8,89,"CO",2008,33234,3243,22.2
"936",8091,8,91,"CO",2008,59725,5400,7.6
"937",8093,8,93,"CO",2008,64471,6340,8.2
"938",8095,8,95,"CO",2008,42087,4025,11.9
"939",8097,8,97,"CO",2008,72088,7293,5
"940",8099,8,99,"CO",2008,35730,3333,19.1
"941",8101,8,101,"CO",2008,42005,2476,16.8
"942",8103,8,103,"CO",2008,57856,5798,8.1
"943",8105,8,105,"CO",2008,37353,3574,15.4
"944",8107,8,107,"CO",2008,63085,3024,5.8
"945",8109,8,109,"CO",2008,33198,3401,29.9
"946",8111,8,111,"CO",2008,40252,4013,12.4
"947",8113,8,113,"CO",2008,61074,5909,8.2
"948",8115,8,115,"CO",2008,35350,3489,11.8
"949",8117,8,117,"CO",2008,64813,6530,6.8
"950",8119,8,119,"CO",2008,58457,4409,7.3
"951",8121,8,121,"CO",2008,38982,3509,12.4
"952",8123,8,123,"CO",2008,55845,2692,12
"953",8125,8,125,"CO",2008,43560,4378,12.7
"954",8001,8,1,"CO",2009,53779,1948,13.3
"955",8003,8,3,"CO",2009,35960,3528,22.2
"956",8005,8,5,"CO",2009,56099,1886,12.3
"957",8007,8,7,"CO",2009,46013,4120,12.9
"958",8009,8,9,"CO",2009,32660,3147,18.3
"959",8011,8,11,"CO",2009,30890,3112,37.2
"960",8013,8,13,"CO",2009,63757,2725,12.9
"961",8014,8,14,"CO",2009,77606,5720,4.9
"962",8015,8,15,"CO",2009,42602,3999,12
"963",8017,8,17,"CO",2009,42026,4200,13.4
"964",8019,8,19,"CO",2009,64241,5640,8.1
"965",8021,8,21,"CO",2009,29594,2097,24.5
"966",8023,8,23,"CO",2009,24758,2466,27.4
"967",8025,8,25,"CO",2009,29104,2944,53
"968",8027,8,27,"CO",2009,45898,4335,13.9
"969",8029,8,29,"CO",2009,41528,3178,13.9
"970",8031,8,31,"CO",2009,46693,2029,18.8
"971",8033,8,33,"CO",2009,43248,4430,12.4
"972",8035,8,35,"CO",2009,100447,2679,3.3
"973",8037,8,37,"CO",2009,74220,4394,8
"974",8039,8,39,"CO",2009,77123,3683,5.4
"975",8041,8,41,"CO",2009,55621,2034,11.5
"976",8043,8,43,"CO",2009,39714,2435,18.1
"977",8045,8,45,"CO",2009,62716,4445,8.6
"978",8047,8,47,"CO",2009,59632,6214,7.3
"979",8049,8,49,"CO",2009,58209,4590,8.5
"980",8051,8,51,"CO",2009,45711,4322,13.4
"981",8053,8,53,"CO",2009,48372,5003,11.2
"982",8055,8,55,"CO",2009,30176,3037,26.9
"983",8057,8,57,"CO",2009,41337,4231,15
"984",8059,8,59,"CO",2009,66059,2056,8.1
"985",8061,8,61,"CO",2009,36931,3916,14.8
"986",8063,8,63,"CO",2009,40677,3992,15.4
"987",8065,8,65,"CO",2009,43935,4538,13.8
"988",8067,8,67,"CO",2009,56610,3689,11.6
"989",8069,8,69,"CO",2009,56281,3120,14.7
"990",8071,8,71,"CO",2009,36575,3570,18.5
"991",8073,8,73,"CO",2009,37439,3670,16.7
"992",8075,8,75,"CO",2009,39953,2988,17
"993",8077,8,77,"CO",2009,52290,2395,11.8
"994",8079,8,79,"CO",2009,43172,4414,10.5
"995",8081,8,81,"CO",2009,54615,5133,10.1
"996",8083,8,83,"CO",2009,40859,3422,16.9
"997",8085,8,85,"CO",2009,48108,3041,12.8
"998",8087,8,87,"CO",2009,41441,2596,14.4
"999",8089,8,89,"CO",2009,30373,2344,23.6
"1000",8091,8,91,"CO",2009,59810,4030,8.5
"1001",8093,8,93,"CO",2009,61127,3503,9.1
"1002",8095,8,95,"CO",2009,40178,4049,12.4
"1003",8097,8,97,"CO",2009,69352,7185,6.5
"1004",8099,8,99,"CO",2009,33646,2781,23.1
"1005",8101,8,101,"CO",2009,39016,2350,16.9
"1006",8103,8,103,"CO",2009,59017,5612,7.7
"1007",8105,8,105,"CO",2009,37993,3732,17
"1008",8107,8,107,"CO",2009,64892,4806,6.4
"1009",8109,8,109,"CO",2009,28866,2888,30.1
"1010",8111,8,111,"CO",2009,38253,4051,13.5
"1011",8113,8,113,"CO",2009,60115,4943,10.7
"1012",8115,8,115,"CO",2009,35336,3658,15.5
"1013",8117,8,117,"CO",2009,65952,5417,8.7
"1014",8119,8,119,"CO",2009,53928,3819,8.2
"1015",8121,8,121,"CO",2009,40778,3677,12.1
"1016",8123,8,123,"CO",2009,54578,2213,14.8
"1017",8125,8,125,"CO",2009,42813,4132,13.3
"1018",8001,8,1,"CO",2010,52785,1714,13
"1019",8003,8,3,"CO",2010,36339,3253,21
"1020",8005,8,5,"CO",2010,58152,1837,11.4
"1021",8007,8,7,"CO",2010,46165,4059,13.1
"1022",8009,8,9,"CO",2010,33086,3011,17.3
"1023",8011,8,11,"CO",2010,33702,3071,30.9
"1024",8013,8,13,"CO",2010,62215,2022,13.6
"1025",8014,8,14,"CO",2010,76006,6107,6
"1026",8015,8,15,"CO",2010,42420,3569,12.9
"1027",8017,8,17,"CO",2010,44464,4289,12.1
"1028",8019,8,19,"CO",2010,64822,5496,8.6
"1029",8021,8,21,"CO",2010,32254,3023,21.3
"1030",8023,8,23,"CO",2010,27305,2652,25.7
"1031",8025,8,25,"CO",2010,34569,2790,34.7
"1032",8027,8,27,"CO",2010,42951,4033,15
"1033",8029,8,29,"CO",2010,40288,3699,15.7
"1034",8031,8,31,"CO",2010,45415,1333,21.3
"1035",8033,8,33,"CO",2010,40511,3910,12.9
"1036",8035,8,35,"CO",2010,97806,3763,3.5
"1037",8037,8,37,"CO",2010,69182,5330,8.5
"1038",8039,8,39,"CO",2010,78550,6889,6.5
"1039",8041,8,41,"CO",2010,51553,842,13.4
"1040",8043,8,43,"CO",2010,40543,3152,16.7
"1041",8045,8,45,"CO",2010,60456,4887,9.6
"1042",8047,8,47,"CO",2010,63024,5963,7.5
"1043",8049,8,49,"CO",2010,55818,4747,8.3
"1044",8051,8,51,"CO",2010,47698,4245,14.5
"1045",8053,8,53,"CO",2010,48195,4666,9.4
"1046",8055,8,55,"CO",2010,31696,2917,22.7
"1047",8057,8,57,"CO",2010,43691,3896,15.1
"1048",8059,8,59,"CO",2010,64181,2451,8.8
"1049",8061,8,61,"CO",2010,37600,3612,13
"1050",8063,8,63,"CO",2010,39498,3668,14
"1051",8065,8,65,"CO",2010,43565,4159,14.4
"1052",8067,8,67,"CO",2010,53029,4268,11.5
"1053",8069,8,69,"CO",2010,54739,2344,13.6
"1054",8071,8,71,"CO",2010,37700,3527,18.8
"1055",8073,8,73,"CO",2010,39230,3562,17.9
"1056",8075,8,75,"CO",2010,40637,3284,16.3
"1057",8077,8,77,"CO",2010,47324,3347,14.7
"1058",8079,8,79,"CO",2010,45645,4359,11.9
"1059",8081,8,81,"CO",2010,55913,4797,10.1
"1060",8083,8,83,"CO",2010,41074,3655,17.4
"1061",8085,8,85,"CO",2010,44002,3638,15
"1062",8087,8,87,"CO",2010,43209,3396,14.2
"1063",8089,8,89,"CO",2010,34360,2862,19.9
"1064",8091,8,91,"CO",2010,54920,4609,9.4
"1065",8093,8,93,"CO",2010,66400,4567,9.3
"1066",8095,8,95,"CO",2010,44064,4010,11.4
"1067",8097,8,97,"CO",2010,65568,5659,7
"1068",8099,8,99,"CO",2010,34488,3220,23
"1069",8101,8,101,"CO",2010,39107,2425,19.6
"1070",8103,8,103,"CO",2010,59308,5502,8.6
"1071",8105,8,105,"CO",2010,37300,3289,17.3
"1072",8107,8,107,"CO",2010,60506,4503,7.7
"1073",8109,8,109,"CO",2010,30985,2889,25.1
"1074",8111,8,111,"CO",2010,37001,3440,15.9
"1075",8113,8,113,"CO",2010,62368,4870,10
"1076",8115,8,115,"CO",2010,36749,3555,13.6
"1077",8117,8,117,"CO",2010,60087,4869,10.1
"1078",8119,8,119,"CO",2010,59966,4448,8.7
"1079",8121,8,121,"CO",2010,40914,3638,13.9
"1080",8123,8,123,"CO",2010,52334,2918,14.3
"1081",8125,8,125,"CO",2010,43361,4123,12.5
"1082",8001,8,1,"CO",2011,52429,1753,16.1
"1083",8003,8,3,"CO",2011,36870,3750,22.7
"1084",8005,8,5,"CO",2011,57042,1524,12
"1085",8007,8,7,"CO",2011,48043,4231,14.9
"1086",8009,8,9,"CO",2011,34168,2911,20.5
"1087",8011,8,11,"CO",2011,35522,3036,32.4
"1088",8013,8,13,"CO",2011,68101,3336,13.8
"1089",8014,8,14,"CO",2011,79051,6325,6.5
"1090",8015,8,15,"CO",2011,44156,4169,12.9
"1091",8017,8,17,"CO",2011,46965,4565,12.9
"1092",8019,8,19,"CO",2011,65420,6762,8.9
"1093",8021,8,21,"CO",2011,32588,3161,19.8
"1094",8023,8,23,"CO",2011,26125,2730,26
"1095",8025,8,25,"CO",2011,30279,3178,48.1
"1096",8027,8,27,"CO",2011,45791,4782,15.6
"1097",8029,8,29,"CO",2011,41442,2728,16.6
"1098",8031,8,31,"CO",2011,47584,1738,18.7
"1099",8033,8,33,"CO",2011,39650,4098,13.3
"1100",8035,8,35,"CO",2011,95973,3238,4.3
"1101",8037,8,37,"CO",2011,67190,6352,9.8
"1102",8039,8,39,"CO",2011,78029,6547,7.9
"1103",8041,8,41,"CO",2011,54857,2021,13.2
"1104",8043,8,43,"CO",2011,41493,3839,18
"1105",8045,8,45,"CO",2011,57617,4841,10.7
"1106",8047,8,47,"CO",2011,60537,5195,7.8
"1107",8049,8,49,"CO",2011,56980,5241,10.4
"1108",8051,8,51,"CO",2011,43069,3721,17.9
"1109",8053,8,53,"CO",2011,49024,5082,10.7
"1110",8055,8,55,"CO",2011,30655,2996,22
"1111",8057,8,57,"CO",2011,43206,4343,16.1
"1112",8059,8,59,"CO",2011,64412,1868,9
"1113",8061,8,61,"CO",2011,41427,4166,12.6
"1114",8063,8,63,"CO",2011,43078,4378,16.2
"1115",8065,8,65,"CO",2011,42768,4282,16.4
"1116",8067,8,67,"CO",2011,52276,2523,11.1
"1117",8069,8,69,"CO",2011,55501,1906,13.8
"1118",8071,8,71,"CO",2011,40191,3189,19.5
"1119",8073,8,73,"CO",2011,42734,3912,17.7
"1120",8075,8,75,"CO",2011,43823,3904,18
"1121",8077,8,77,"CO",2011,47778,2841,12.2
"1122",8079,8,79,"CO",2011,46956,4927,11.2
"1123",8081,8,81,"CO",2011,52257,4687,11.9
"1124",8083,8,83,"CO",2011,41817,2728,16.4
"1125",8085,8,85,"CO",2011,43035,3643,16.6
"1126",8087,8,87,"CO",2011,41246,2919,15.3
"1127",8089,8,89,"CO",2011,30420,2450,23.9
"1128",8091,8,91,"CO",2011,57922,5819,9.8
"1129",8093,8,93,"CO",2011,58565,5648,9.9
"1130",8095,8,95,"CO",2011,43826,4275,12.4
"1131",8097,8,97,"CO",2011,69229,7114,7.5
"1132",8099,8,99,"CO",2011,36563,3520,21
"1133",8101,8,101,"CO",2011,40764,2352,19
"1134",8103,8,103,"CO",2011,60022,6188,10.1
"1135",8105,8,105,"CO",2011,37472,3408,18.5
"1136",8107,8,107,"CO",2011,64998,6130,8.7
"1137",8109,8,109,"CO",2011,30746,2974,29.7
"1138",8111,8,111,"CO",2011,36547,3798,18
"1139",8113,8,113,"CO",2011,57578,5548,11.1
"1140",8115,8,115,"CO",2011,37511,3845,13.8
"1141",8117,8,117,"CO",2011,60397,5882,10.5
"1142",8119,8,119,"CO",2011,60313,5631,9.3
"1143",8121,8,121,"CO",2011,43433,3705,12.6
"1144",8123,8,123,"CO",2011,51773,2680,14.4
"1145",8125,8,125,"CO",2011,46246,4227,13.6
"1146",8061,8,61,"CO",2012,40216,3978,13.1
"1147",8063,8,63,"CO",2012,44059,3639,14.3
"1148",8065,8,65,"CO",2012,45504,4126,15.9
"1149",8067,8,67,"CO",2012,55888,3839,12.5
"1150",8069,8,69,"CO",2012,56132,1661,13.7
"1151",8071,8,71,"CO",2012,38713,3287,19.7
"1152",8073,8,73,"CO",2012,38098,3434,19.4
"1153",8075,8,75,"CO",2012,42740,3956,17.7
"1154",8077,8,77,"CO",2012,46940,2960,15.1
"1155",8079,8,79,"CO",2012,47169,4676,11.5
"1156",8081,8,81,"CO",2012,57023,5421,12.1
"1157",8083,8,83,"CO",2012,40351,3489,21.2
"1158",8085,8,85,"CO",2012,45226,2517,16.4
"1159",8087,8,87,"CO",2012,44577,3630,13.4
"1160",8089,8,89,"CO",2012,35026,3216,23.1
"1161",8091,8,91,"CO",2012,61657,3769,10.1
"1162",8093,8,93,"CO",2012,60731,4466,11.5
"1163",8095,8,95,"CO",2012,46216,4514,12.2
"1164",8097,8,97,"CO",2012,67057,5596,8.2
"1165",8099,8,99,"CO",2012,36580,3479,21.9
"1166",8101,8,101,"CO",2012,41209,1751,20.2
"1167",8103,8,103,"CO",2012,57922,5633,10.1
"1168",8105,8,105,"CO",2012,37837,3645,20.6
"1169",8107,8,107,"CO",2012,62271,5771,8.9
"1170",8109,8,109,"CO",2012,30197,2851,32.5
"1171",8111,8,111,"CO",2012,35734,3519,16.8
"1172",8113,8,113,"CO",2012,53477,5098,11.2
"1173",8115,8,115,"CO",2012,37633,3611,14.6
"1174",8117,8,117,"CO",2012,61286,5662,10.2
"1175",8119,8,119,"CO",2012,59558,4930,9.7
"1176",8121,8,121,"CO",2012,43446,3953,14.6
"1177",8123,8,123,"CO",2012,55332,2519,14.3
"1178",8125,8,125,"CO",2012,45059,4388,13.5
"1179",8001,8,1,"CO",2012,55695,1483,14.9
"1180",8003,8,3,"CO",2012,37731,3568,24.4
"1181",8005,8,5,"CO",2012,60525,1303,12
"1182",8007,8,7,"CO",2012,46127,4301,14.6
"1183",8009,8,9,"CO",2012,37775,2974,19.4
"1184",8011,8,11,"CO",2012,33540,3198,31.7
"1185",8013,8,13,"CO",2012,66894,3116,14.2
"1186",8014,8,14,"CO",2012,81040,4797,6.4
"1187",8015,8,15,"CO",2012,44651,3312,13.8
"1188",8017,8,17,"CO",2012,51093,4051,12.2
"1189",8019,8,19,"CO",2012,65359,6271,9.6
"1190",8021,8,21,"CO",2012,31970,2928,24.7
"1191",8023,8,23,"CO",2012,26075,2544,27.4
"1192",8025,8,25,"CO",2012,30460,3028,51.2
"1193",8027,8,27,"CO",2012,46744,4648,16.2
"1194",8029,8,29,"CO",2012,41208,2803,17.5
"1195",8031,8,31,"CO",2012,50455,1456,19.5
"1196",8033,8,33,"CO",2012,39254,3914,14.5
"1197",8035,8,35,"CO",2012,98426,4362,4.3
"1198",8037,8,37,"CO",2012,69870,5533,9.5
"1199",8039,8,39,"CO",2012,81528,6284,6.1
"1200",8041,8,41,"CO",2012,55312,1791,13.1
"1201",8043,8,43,"CO",2012,40809,3153,19.4
"1202",8045,8,45,"CO",2012,54088,3377,11.9
"1203",8047,8,47,"CO",2012,61447,5700,8.5
"1204",8049,8,49,"CO",2012,56191,5313,9.9
"1205",8051,8,51,"CO",2012,49861,3501,16
"1206",8053,8,53,"CO",2012,50177,4412,10
"1207",8055,8,55,"CO",2012,31574,2989,24
"1208",8057,8,57,"CO",2012,43190,4233,15.7
"1209",8059,8,59,"CO",2012,67401,1975,9.3
"1210",8001,8,1,"CO",2013,54876,2328,13.2
"1211",8003,8,3,"CO",2013,37484,3629,25.6
"1212",8005,8,5,"CO",2013,61092,1419,12.3
"1213",8007,8,7,"CO",2013,44417,3714,15.1
"1214",8009,8,9,"CO",2013,35787,3206,19.1
"1215",8011,8,11,"CO",2013,34440,3333,33
"1216",8013,8,13,"CO",2013,71405,1916,13.5
"1217",8014,8,14,"CO",2013,79117,4806,6.4
"1218",8015,8,15,"CO",2013,48012,3602,13
"1219",8017,8,17,"CO",2013,50379,4833,13.1
"1220",8019,8,19,"CO",2013,63489,5807,9.1
"1221",8021,8,21,"CO",2013,34923,3168,22.9
"1222",8023,8,23,"CO",2013,28233,2619,26
"1223",8025,8,25,"CO",2013,31477,2694,43.2
"1224",8027,8,27,"CO",2013,47268,4713,14.4
"1225",8029,8,29,"CO",2013,41730,3565,15.1
"1226",8031,8,31,"CO",2013,51156,1185,18.7
"1227",8033,8,33,"CO",2013,42416,4261,14
"1228",8035,8,35,"CO",2013,105192,4245,3.6
"1229",8037,8,37,"CO",2013,78517,4916,9.5
"1230",8039,8,39,"CO",2013,80972,6643,6.7
"1231",8041,8,41,"CO",2013,57072,2277,11.4
"1232",8043,8,43,"CO",2013,41412,3199,19.7
"1233",8045,8,45,"CO",2013,57364,3933,12.4
"1234",8047,8,47,"CO",2013,64962,5952,8.1
"1235",8049,8,49,"CO",2013,57312,5560,11
"1236",8051,8,51,"CO",2013,48391,4450,13.7
"1237",8053,8,53,"CO",2013,52188,4550,10.6
"1238",8055,8,55,"CO",2013,32418,2922,22.8
"1239",8057,8,57,"CO",2013,43549,4403,15.7
"1240",8059,8,59,"CO",2013,68161,1962,9.1
"1241",8061,8,61,"CO",2013,42378,4226,12.9
"1242",8063,8,63,"CO",2013,39633,3621,15.1
"1243",8065,8,65,"CO",2013,47547,4534,14.7
"1244",8067,8,67,"CO",2013,58675,3772,12.4
"1245",8069,8,69,"CO",2013,59337,2607,13.8
"1246",8071,8,71,"CO",2013,38547,3384,18
"1247",8073,8,73,"CO",2013,41510,4087,19.1
"1248",8075,8,75,"CO",2013,43561,3826,16.9
"1249",8077,8,77,"CO",2013,48108,3619,15.4
"1250",8079,8,79,"CO",2013,50286,5002,9.9
"1251",8081,8,81,"CO",2013,58890,5592,11.5
"1252",8083,8,83,"CO",2013,43655,3849,19.1
"1253",8085,8,85,"CO",2013,43946,3920,15.1
"1254",8087,8,87,"CO",2013,46332,3514,13.5
"1255",8089,8,89,"CO",2013,36811,3161,22.5
"1256",8091,8,91,"CO",2013,58137,4463,9.8
"1257",8093,8,93,"CO",2013,57510,5616,10.3
"1258",8095,8,95,"CO",2013,46805,4669,12.4
"1259",8097,8,97,"CO",2013,71012,6954,7.3
"1260",8099,8,99,"CO",2013,38830,3407,21.7
"1261",8101,8,101,"CO",2013,41352,2215,20.1
"1262",8103,8,103,"CO",2013,59364,5942,10.7
"1263",8105,8,105,"CO",2013,39834,2627,17.9
"1264",8107,8,107,"CO",2013,63763,6299,8.9
"1265",8109,8,109,"CO",2013,35310,2808,29.4
"1266",8111,8,111,"CO",2013,41683,3672,15.7
"1267",8113,8,113,"CO",2013,53674,5091,11.9
"1268",8115,8,115,"CO",2013,39980,3837,14.5
"1269",8117,8,117,"CO",2013,63236,6104,9.3
"1270",8119,8,119,"CO",2013,62725,5171,8.4
"1271",8121,8,121,"CO",2013,45572,4240,14
"1272",8123,8,123,"CO",2013,58404,2048,13.2
"1273",8125,8,125,"CO",2013,45487,4543,13
"1274",8001,8,1,"CO",2014,59316,1982,12.9
"1275",8003,8,3,"CO",2014,38140,3801,22.5
"1276",8005,8,5,"CO",2014,65359,1878,11.2
"1277",8007,8,7,"CO",2014,44508,4378,14.7
"1278",8009,8,9,"CO",2014,36294,3793,20
"1279",8011,8,11,"CO",2014,35424,3674,32.3
"1280",8013,8,13,"CO",2014,71546,3274,13.3
"1281",8014,8,14,"CO",2014,85885,5291,4
"1282",8015,8,15,"CO",2014,48840,3938,12.4
"1283",8017,8,17,"CO",2014,52273,4908,13.4
"1284",8019,8,19,"CO",2014,69115,6705,8.5
"1285",8021,8,21,"CO",2014,33998,3257,22.9
"1286",8023,8,23,"CO",2014,27882,2834,28.5
"1287",8025,8,25,"CO",2014,32570,3218,40.5
"1288",8027,8,27,"CO",2014,48368,5103,14.9
"1289",8029,8,29,"CO",2014,45283,3900,15.6
"1290",8031,8,31,"CO",2014,54872,1823,15.9
"1291",8033,8,33,"CO",2014,44235,4721,15.4
"1292",8035,8,35,"CO",2014,107250,5897,3.7
"1293",8037,8,37,"CO",2014,76661,5616,7.8
"1294",8039,8,39,"CO",2014,83603,5738,5.9
"1295",8041,8,41,"CO",2014,59286,2118,12.2
"1296",8043,8,43,"CO",2014,41385,3023,19.1
"1297",8045,8,45,"CO",2014,62529,4738,10.2
"1298",8047,8,47,"CO",2014,64752,6701,7.9
"1299",8049,8,49,"CO",2014,59379,5697,10.4
"1300",8051,8,51,"CO",2014,48940,5024,14.9
"1301",8053,8,53,"CO",2014,51241,5478,10.1
"1302",8055,8,55,"CO",2014,32750,3421,22
"1303",8057,8,57,"CO",2014,45073,4768,16.6
"1304",8059,8,59,"CO",2014,70687,1319,8.3
"1305",8061,8,61,"CO",2014,42310,3342,13.5
"1306",8063,8,63,"CO",2014,46394,4486,14.9
"1307",8065,8,65,"CO",2014,46765,4834,16
"1308",8067,8,67,"CO",2014,60658,3970,10.7
"1309",8069,8,69,"CO",2014,57659,2943,12.8
"1310",8071,8,71,"CO",2014,39625,3652,17.4
"1311",8073,8,73,"CO",2014,41248,4324,18.3
"1312",8075,8,75,"CO",2014,45439,4632,17.7
"1313",8077,8,77,"CO",2014,50106,3385,15.4
"1314",8079,8,79,"CO",2014,51257,4841,8.9
"1315",8081,8,81,"CO",2014,56193,5788,11.2
"1316",8083,8,83,"CO",2014,44163,3535,16.3
"1317",8085,8,85,"CO",2014,46336,2249,15.5
"1318",8087,8,87,"CO",2014,47631,3610,13.4
"1319",8089,8,89,"CO",2014,33043,3235,26
"1320",8091,8,91,"CO",2014,57242,5900,9.6
"1321",8093,8,93,"CO",2014,58487,5095,9.4
"1322",8095,8,95,"CO",2014,47006,4708,11.5
"1323",8097,8,97,"CO",2014,73274,7823,7
"1324",8099,8,99,"CO",2014,39184,4040,20.9
"1325",8101,8,101,"CO",2014,41382,2334,19
"1326",8103,8,103,"CO",2014,63184,5772,10.9
"1327",8105,8,105,"CO",2014,40593,4059,18.3
"1328",8107,8,107,"CO",2014,66846,5246,8.4
"1329",8109,8,109,"CO",2014,31227,3304,29.9
"1330",8111,8,111,"CO",2014,40006,4081,15.5
"1331",8113,8,113,"CO",2014,59603,5918,9.9
"1332",8115,8,115,"CO",2014,44562,3657,13.9
"1333",8117,8,117,"CO",2014,68352,6745,9.7
"1334",8119,8,119,"CO",2014,62380,6344,9.5
"1335",8121,8,121,"CO",2014,45784,4577,11.4
"1336",8123,8,123,"CO",2014,61501,2658,10.5
"1337",8125,8,125,"CO",2014,46838,4701,14
"1338",8001,8,1,"CO",2015,62991,1881,12.8
"1339",8003,8,3,"CO",2015,40067,4003,24
"1340",8005,8,5,"CO",2015,67062,1540,9.2
"1341",8007,8,7,"CO",2015,50361,4972,13.1
"1342",8009,8,9,"CO",2015,35405,3623,20.8
"1343",8011,8,11,"CO",2015,36630,3771,36.7
"1344",8013,8,13,"CO",2015,72392,4317,12.3
"1345",8014,8,14,"CO",2015,86548,5333,4.9
"1346",8015,8,15,"CO",2015,50947,4847,11.7
"1347",8017,8,17,"CO",2015,50620,5325,11.7
"1348",8019,8,19,"CO",2015,67262,6917,9.6
"1349",8021,8,21,"CO",2015,37102,3435,20.2
"1350",8023,8,23,"CO",2015,27944,2875,28.2
"1351",8025,8,25,"CO",2015,35405,3598,44.3
"1352",8027,8,27,"CO",2015,43995,3800,15.1
"1353",8029,8,29,"CO",2015,42586,3447,15.8
"1354",8031,8,31,"CO",2015,57886,2435,15.7
"1355",8033,8,33,"CO",2015,44829,4652,14.9
"1356",8035,8,35,"CO",2015,109926,5076,3.4
"1357",8037,8,37,"CO",2015,75191,6178,7.6
"1358",8039,8,39,"CO",2015,90270,7288,5.9
"1359",8041,8,41,"CO",2015,60050,1755,11
"1360",8043,8,43,"CO",2015,41967,3403,17.2
"1361",8045,8,45,"CO",2015,64487,5701,10.3
"1362",8047,8,47,"CO",2015,67389,5934,8
"1363",8049,8,49,"CO",2015,59885,6077,8.3
"1364",8051,8,51,"CO",2015,47619,4414,12.5
"1365",8053,8,53,"CO",2015,58613,3925,10.9
"1366",8055,8,55,"CO",2015,33098,3344,23.2
"1367",8057,8,57,"CO",2015,46905,4828,13.9
"1368",8059,8,59,"CO",2015,71209,1563,7.9
"1369",8061,8,61,"CO",2015,42108,4303,13.9
"1370",8063,8,63,"CO",2015,44090,3951,12.2
"1371",8065,8,65,"CO",2015,45913,4822,15.7
"1372",8067,8,67,"CO",2015,60732,3185,9.4
"1373",8069,8,69,"CO",2015,64935,2643,12.2
"1374",8071,8,71,"CO",2015,38858,2839,19.3
"1375",8073,8,73,"CO",2015,43188,4272,19.4
"1376",8075,8,75,"CO",2015,46306,4123,15.5
"1377",8077,8,77,"CO",2015,51449,2441,14.1
"1378",8079,8,79,"CO",2015,50481,5035,9.4
"1379",8081,8,81,"CO",2015,59173,5431,11.7
"1380",8083,8,83,"CO",2015,42975,4052,19.3
"1381",8085,8,85,"CO",2015,46860,4190,17.7
"1382",8087,8,87,"CO",2015,49087,3968,12.1
"1383",8089,8,89,"CO",2015,34970,2891,20.6
"1384",8091,8,91,"CO",2015,60402,5881,9.4
"1385",8093,8,93,"CO",2015,63319,5072,9.2
"1386",8095,8,95,"CO",2015,48562,4650,11.1
"1387",8097,8,97,"CO",2015,76663,7200,7
"1388",8099,8,99,"CO",2015,41348,2612,19.6
"1389",8101,8,101,"CO",2015,40540,1754,19.8
"1390",8103,8,103,"CO",2015,61426,6002,9.7
"1391",8105,8,105,"CO",2015,40259,4032,17.2
"1392",8107,8,107,"CO",2015,70989,5959,8.9
"1393",8109,8,109,"CO",2015,34209,3381,29.6
"1394",8111,8,111,"CO",2015,43489,3005,15.6
"1395",8113,8,113,"CO",2015,62793,6454,11
"1396",8115,8,115,"CO",2015,40325,4162,13.6
"1397",8117,8,117,"CO",2015,69633,5536,8.7
"1398",8119,8,119,"CO",2015,66191,5825,8.8
"1399",8121,8,121,"CO",2015,47592,4830,11.4
"1400",8123,8,123,"CO",2015,69434,2181,11.3
"1401",8125,8,125,"CO",2015,48934,4861,14.1
"1402",8001,8,1,"CO",2016,65442,2165,11.7
"1403",8003,8,3,"CO",2016,37057,3598,24.8
"1404",8005,8,5,"CO",2016,70866,1891,9
"1405",8007,8,7,"CO",2016,51998,5440,12
"1406",8009,8,9,"CO",2016,34070,3263,20.2
"1407",8011,8,11,"CO",2016,33951,3399,34.1
"1408",8013,8,13,"CO",2016,74772,3149,10.8
"1409",8014,8,14,"CO",2016,86870,6091,5.3
"1410",8015,8,15,"CO",2016,49877,3122,11.4
"1411",8017,8,17,"CO",2016,50558,5340,14
"1412",8019,8,19,"CO",2016,68699,6989,8.1
"1413",8021,8,21,"CO",2016,34390,3428,22.7
"1414",8023,8,23,"CO",2016,27211,2845,30.4
"1415",8025,8,25,"CO",2016,35873,3715,48
"1416",8027,8,27,"CO",2016,52021,5525,13.6
"1417",8029,8,29,"CO",2016,41798,3884,17.8
"1418",8031,8,31,"CO",2016,61038,1375,14
"1419",8033,8,33,"CO",2016,46791,4965,13.2
"1420",8035,8,35,"CO",2016,112399,5799,3.4
"1421",8037,8,37,"CO",2016,79556,5893,7.9
"1422",8039,8,39,"CO",2016,86693,2835,6
"1423",8041,8,41,"CO",2016,63610,2125,11.5
"1424",8043,8,43,"CO",2016,46372,4399,17.5
"1425",8045,8,45,"CO",2016,69161,4740,9.1
"1426",8047,8,47,"CO",2016,65472,7081,7.5
"1427",8049,8,49,"CO",2016,63875,6083,8.2
"1428",8051,8,51,"CO",2016,53753,5018,13.8
"1429",8053,8,53,"CO",2016,51717,5648,10
"1430",8055,8,55,"CO",2016,34626,3081,21.9
"1431",8057,8,57,"CO",2016,46671,5052,14.1
"1432",8059,8,59,"CO",2016,74342,2275,7
"1433",8061,8,61,"CO",2016,43951,4670,13.9
"1434",8063,8,63,"CO",2016,48272,3698,14.3
"1435",8065,8,65,"CO",2016,49064,5108,14.6
"1436",8067,8,67,"CO",2016,58499,4570,10.9
"1437",8069,8,69,"CO",2016,66561,2623,11.2
"1438",8071,8,71,"CO",2016,38224,3638,21.6
"1439",8073,8,73,"CO",2016,42969,4271,18.1
"1440",8075,8,75,"CO",2016,49407,5217,16.4
"1441",8077,8,77,"CO",2016,49825,3592,15
"1442",8079,8,79,"CO",2016,52641,5636,9.3
"1443",8081,8,81,"CO",2016,54151,5263,12.9
"1444",8083,8,83,"CO",2016,40679,3157,15.1
"1445",8085,8,85,"CO",2016,43285,2893,16.4
"1446",8087,8,87,"CO",2016,49129,4418,11.7
"1447",8089,8,89,"CO",2016,36773,3474,23.6
"1448",8091,8,91,"CO",2016,66813,5137,8.8
"1449",8093,8,93,"CO",2016,68535,6749,9.2
"1450",8095,8,95,"CO",2016,49046,5149,11.5
"1451",8097,8,97,"CO",2016,74576,6536,6.9
"1452",8099,8,99,"CO",2016,40164,4076,20.9
"1453",8101,8,101,"CO",2016,44644,2886,19.9
"1454",8103,8,103,"CO",2016,58980,6448,9.5
"1455",8105,8,105,"CO",2016,41128,4350,17.5
"1456",8107,8,107,"CO",2016,71322,6841,7.2
"1457",8109,8,109,"CO",2016,33973,3300,27.6
"1458",8111,8,111,"CO",2016,44652,4853,15.5
"1459",8113,8,113,"CO",2016,67251,6402,10.1
"1460",8115,8,115,"CO",2016,42518,3923,14.8
"1461",8117,8,117,"CO",2016,70265,6668,7.9
"1462",8119,8,119,"CO",2016,63966,6286,9.5
"1463",8121,8,121,"CO",2016,46304,4664,14.3
"1464",8123,8,123,"CO",2016,63609,2759,11.5
"1465",8125,8,125,"CO",2016,48963,4978,12.3
"1466",8001,8,1,"CO",2017,65977,2867,10.6
"1467",8003,8,3,"CO",2017,43121,3620,21.3
"1468",8005,8,5,"CO",2017,75196,1848,7.8
"1469",8007,8,7,"CO",2017,52481,5336,11.7
"1470",8009,8,9,"CO",2017,35725,3400,19.7
"1471",8011,8,11,"CO",2017,37307,4136,32
"1472",8013,8,13,"CO",2017,80701,2933,12.6
"1473",8014,8,14,"CO",2017,91968,5836,4.6
"1474",8015,8,15,"CO",2017,53545,4963,11.4
"1475",8017,8,17,"CO",2017,50571,5409,13.6
"1476",8019,8,19,"CO",2017,71850,7994,7.8
"1477",8021,8,21,"CO",2017,36852,3948,21.2
"1478",8023,8,23,"CO",2017,30486,3054,27.3
"1479",8025,8,25,"CO",2017,38112,4061,47.4
"1480",8027,8,27,"CO",2017,54080,5696,13.2
"1481",8029,8,29,"CO",2017,43528,4388,16.7
"1482",8031,8,31,"CO",2017,64974,2442,12.5
"1483",8033,8,33,"CO",2017,44882,4919,12.8
"1484",8035,8,35,"CO",2017,112386,3108,3.2
"1485",8037,8,37,"CO",2017,88913,6495,7.5
"1486",8039,8,39,"CO",2017,102731,8339,4.9
"1487",8041,8,41,"CO",2017,65260,1722,10.8
"1488",8043,8,43,"CO",2017,48820,4220,16.6
"1489",8045,8,45,"CO",2017,71897,6501,7.6
"1490",8047,8,47,"CO",2017,79636,6416,6.9
"1491",8049,8,49,"CO",2017,61241,5867,8.7
"1492",8051,8,51,"CO",2017,53480,3759,14.8
"1493",8053,8,53,"CO",2017,59157,6520,8.6
"1494",8055,8,55,"CO",2017,37424,3906,20.8
"1495",8057,8,57,"CO",2017,48785,5389,13.7
"1496",8059,8,59,"CO",2017,80562,1819,7.6
"1497",8061,8,61,"CO",2017,43845,4769,14
"1498",8063,8,63,"CO",2017,44028,4404,11.6
"1499",8065,8,65,"CO",2017,49799,5365,12.2
"1500",8067,8,67,"CO",2017,61974,3848,9.2
"1501",8069,8,69,"CO",2017,69443,4167,11
"1502",8071,8,71,"CO",2017,39552,4301,23.7
"1503",8073,8,73,"CO",2017,45308,4742,17.6
"1504",8075,8,75,"CO",2017,50246,5087,15.8
"1505",8077,8,77,"CO",2017,52623,3260,14.9
"1506",8079,8,79,"CO",2017,55906,5869,8.5
"1507",8081,8,81,"CO",2017,57680,6106,11
"1508",8083,8,83,"CO",2017,48692,3425,15.2
"1509",8085,8,85,"CO",2017,51031,3979,12.9
"1510",8087,8,87,"CO",2017,50453,4599,11.4
"1511",8089,8,89,"CO",2017,37907,4095,23.5
"1512",8091,8,91,"CO",2017,63627,6846,7.7
"1513",8093,8,93,"CO",2017,69884,7280,8.6
"1514",8095,8,95,"CO",2017,52096,5098,10.9
"1515",8097,8,97,"CO",2017,78596,8317,5.9
"1516",8099,8,99,"CO",2017,41238,4060,18.2
"1517",8101,8,101,"CO",2017,44060,2766,18.2
"1518",8103,8,103,"CO",2017,58336,5846,9.5
"1519",8105,8,105,"CO",2017,41693,4619,18.4
"1520",8107,8,107,"CO",2017,76505,7630,6.9
"1521",8109,8,109,"CO",2017,36558,3933,24.4
"1522",8111,8,111,"CO",2017,46985,5186,13.6
"1523",8113,8,113,"CO",2017,70418,5690,7.7
"1524",8115,8,115,"CO",2017,39880,4394,15.5
"1525",8117,8,117,"CO",2017,75420,5555,7.3
"1526",8119,8,119,"CO",2017,68078,5646,8.8
"1527",8121,8,121,"CO",2017,48325,4892,12.9
"1528",8123,8,123,"CO",2017,68679,3124,9.4
"1529",8125,8,125,"CO",2017,48893,4444,13
